Player,Squad,Pos,group,Age,MP,Starts,Min,Sh,SoT,sot90
Yusuf Abdurisag,qa Qatar,FW,Striker,26,2,2,98,0,0,0.0
Ché Adams,sct Scotland,FW,Striker,29,3,2,145,1,1,0.6206896551724138
Michel Aebischer,ch Switzerland,MFFW,Forward-Midfielder,29,4,2,156,2,1,0.5769230769230769
Akram Afif,qa Qatar,FWMF,Forward-Midfielder,29,3,3,238,2,0,0.0
Kerem Aktürkoğlu,tr Türkiye,FW,Striker,27,2,2,129,3,1,0.6976744186046512
Barış Alper Yılmaz,tr Türkiye,MFFW,Forward-Midfielder,26,3,2,179,2,1,0.5027932960893855
Roberto Alvarado,mx Mexico,FWMF,Forward-Midfielder,27,5,5,428,5,0,0.0
Julián Álvarez,ar Argentina,FW,Striker,26,8,5,602,11,5,0.7475083056478405
Oswin Appollis,za South Africa,MFFW,Forward-Midfielder,24,4,3,255,4,1,0.3529411764705882
Maxi Araújo,uy Uruguay,FWMF,Forward-Midfielder,26,3,3,250,4,3,1.08
Álex Baena,es Spain,MFFW,Forward-Midfielder,24,7,7,481,12,5,0.9355509355509356
Folarin Balogun,us USA,FW,Striker,24,4,4,312,14,5,1.4423076923076923
Martin Baturina,hr Croatia,MFFW,Forward-Midfielder,23,4,4,321,3,1,0.2803738317757009
Ibrahim Bayesh,iq Iraq,MFFW,Forward-Midfielder,26,3,3,235,1,0,0.0
Anis Ben Slimane,tn Tunisia,MFFW,Forward-Midfielder,25,3,3,240,1,1,0.375
Oscar Bobb,no Norway,FW,Striker,22,6,1,225,4,2,0.8
Ange-Yoan Bonny,ci Côte d'Ivoire,FW,Striker,22,4,3,234,1,1,0.3846153846153846
Brian Brobbey,nl Netherlands,FW,Striker,24,4,3,223,4,3,1.210762331838565
Firas Al-Buraikan,sa Saudi Arabia,FW,Striker,26,3,3,238,0,0,0.0
Gustavo Caballero,py Paraguay,FWMF,Forward-Midfielder,24,2,0,96,1,1,0.9375
Jovane Cabral,cv Cabo Verde,FW,Striker,28,2,2,139,2,0,0.0
Agustín Canobbio,uy Uruguay,FW,Striker,27,3,2,224,4,1,0.4017857142857143
Brian Cipenga,cd Congo DR,MFFW,Forward-Midfielder,28,2,2,146,6,1,0.6164383561643836
Matheus Cunha,br Brazil,FW,Striker,27,5,4,290,11,5,1.5517241379310345
Jonathan David,ca Canada,FW,Striker,26,5,5,420,18,8,1.7142857142857142
Charles De Ketelaere,be Belgium,FWMF,Forward-Midfielder,25,5,5,350,6,5,1.2857142857142858
Ermedin Demirović,ba Bosnia–Herz,FW,Striker,28,4,4,354,4,4,1.0169491525423728
Amad Diallo,ci Côte d'Ivoire,MFFW,Forward-Midfielder,23,4,2,185,8,4,1.945945945945946
Luis Díaz,co Colombia,FWMF,Forward-Midfielder,29,5,5,478,19,6,1.1297071129707112
Yan Diomandé,ci Côte d'Ivoire,MFFW,Forward-Midfielder,19,4,4,329,4,0,0.0
Anthony Elanga,se Sweden,MFFW,Forward-Midfielder,24,4,2,217,3,3,1.2442396313364057
Breel Embolo,ch Switzerland,FW,Striker,29,6,6,501,10,5,0.8982035928143713
Julio Enciso,py Paraguay,FW,Striker,22,5,5,386,8,1,0.23316062176165803
Endrick,br Brazil,FW,Striker,19,4,0,114,3,0,0.0
Odeh Al-Fakhouri,jo Jordan,MFFW,Forward-Midfielder,20,3,2,148,2,1,0.6081081081081081
Abdul Fatawu Issahaku,gh Ghana,FWMF,Forward-Midfielder,22,4,0,132,3,0,0.0
Cody Gakpo,nl Netherlands,FW,Striker,27,4,4,368,10,6,1.4673913043478262
Amine Gouiri,dz Algeria,FW,Striker,26,4,3,251,3,2,0.7171314741035857
Viktor Gyökeres,se Sweden,FW,Striker,28,4,4,360,12,6,1.5
Erling Haaland,no Norway,FW,Striker,25,5,5,465,20,13,2.5161290322580645
Ali Al Hamadi,iq Iraq,FW,Striker,24,3,2,180,6,0,0.0
Kai Havertz,de Germany,FW,Striker,27,4,4,353,12,7,1.7847025495750708
Adam Hložek,cz Czechia,FW,Striker,23,3,2,156,3,1,0.5769230769230769
Oh Hyeon-gyu,kr Korea Republic,FW,Striker,25,3,1,129,4,2,1.3953488372093024
Nestory Irankunda,au Australia,FWMF,Forward-Midfielder,20,4,3,261,6,2,0.6896551724137931
Alexander Isak,se Sweden,FW,Striker,26,4,4,357,8,6,1.5126050420168067
Wilson Isidor,ht Haiti,FW,Striker,25,3,2,186,5,2,0.9677419354838709
Nicolas Jackson,sn Senegal,FW,Striker,24,4,2,234,7,3,1.1538461538461537
Lenny Joseph,ht Haiti,FW,Striker,25,3,1,117,2,0,0.0
Vinicius Júnior,br Brazil,FW,Striker,25,5,5,440,17,11,2.25
Musab Al Juwayr,sa Saudi Arabia,MFFW,Forward-Midfielder,22,3,2,152,0,0,0.0
Lee Kang-in,kr Korea Republic,FW,Striker,25,3,3,270,4,1,0.3333333333333333
Bilal El Khannouss,ma Morocco,MFFW,Forward-Midfielder,22,6,6,461,6,4,0.7809110629067246
Dailon Livramento,cv Cabo Verde,FW,Striker,25,3,2,174,1,0,0.0
José Luis Rodríguez,pa Panama,MFFW,Forward-Midfielder,27,3,3,233,3,1,0.38626609442060084
Evidence Makgopa,za South Africa,FW,Striker,26,4,2,215,4,3,1.255813953488372
Donyell Malen,nl Netherlands,FW,Striker,27,3,3,185,4,2,0.972972972972973
Johan Manzambi,ch Switzerland,MFFW,Forward-Midfielder,20,4,2,199,6,3,1.3567839195979898
Omar Marmoush,eg Egypt,FWMF,Forward-Midfielder,27,5,3,326,11,1,0.27607361963190186
Cristian Martínez,pa Panama,MFFW,Forward-Midfielder,29,3,3,242,1,0,0.0
Lautaro Martínez,ar Argentina,FW,Striker,28,7,4,310,10,4,1.161290322580645
Thapelo Maseko,za South Africa,MFFW,Forward-Midfielder,22,3,3,242,8,1,0.371900826446281
Igor Matanović,hr Croatia,FW,Striker,23,3,0,95,4,2,1.894736842105263
Ibrahim Maza,dz Algeria,MFFW,Forward-Midfielder,20,4,4,351,11,3,0.7692307692307693
Kylian Mbappé,fr France,FW,Striker,27,8,8,695,41,23,2.9784172661870505
Nathanaël Mbuku,cd Congo DR,MFFW,Forward-Midfielder,24,3,2,143,3,2,1.2587412587412588
Petar Musa,hr Croatia,FW,Striker,28,2,2,110,1,1,0.8181818181818181
Iliman Ndiaye,sn Senegal,FW,Striker,26,3,1,114,3,2,1.5789473684210527
Dan Ndoye,ch Switzerland,MFFW,Forward-Midfielder,25,6,5,406,16,8,1.7733990147783252
Darwin Núñez,uy Uruguay,FW,Striker,26,3,2,156,2,0,0.0
Antonio Nusa,no Norway,FW,Striker,21,6,4,318,6,2,0.5660377358490566
Tani Oluwaseyi,ca Canada,FW,Striker,26,5,3,259,8,4,1.38996138996139
Mikel Oyarzabal,es Spain,FW,Striker,29,8,8,601,23,12,1.7970049916805324
Ricardo Pepi,us USA,FW,Striker,23,5,2,204,5,0,0.0
Gonzalo Plata,ec Ecuador,FW,Striker,25,4,4,360,8,5,1.25
Lukáš Provod,cz Czechia,FW,Striker,29,3,1,122,1,0,0.0
Ahmed Qasem,iq Iraq,MFFW,Forward-Midfielder,22,3,2,123,0,0,0.0
Julián Quiñones,mx Mexico,FWMF,Forward-Midfielder,29,5,5,410,14,6,1.3170731707317074
Raphinha,br Brazil,MFFW,Forward-Midfielder,29,2,2,129,3,2,1.3953488372093024
Rayan,br Brazil,FWMF,Forward-Midfielder,19,4,3,288,5,2,0.625
Fabian Rieder,ch Switzerland,MFFW,Forward-Midfielder,24,5,3,302,7,2,0.5960264900662251
Kevin Rodríguez,ec Ecuador,FW,Striker,26,4,0,118,6,1,0.7627118644067796
Elias Saad,tn Tunisia,MFFW,Forward-Midfielder,26,2,2,116,1,0,0.0
Ismael Saibari,ma Morocco,FW,Striker,25,5,5,381,10,3,0.7086614173228346
Ismaila Sarr,sn Senegal,MFFW,Forward-Midfielder,28,4,4,364,17,6,1.4835164835164836
Andreas Schjelderup,no Norway,FW,Striker,22,6,2,252,3,2,0.7142857142857143
Romano Schmid,at Austria,MFFW,Forward-Midfielder,26,4,4,263,2,1,0.3422053231939164
Antoine Semenyo,gh Ghana,MFFW,Forward-Midfielder,26,4,4,360,6,0,0.0
Giuliano Simeone,ar Argentina,FW,Striker,23,3,2,192,1,0,0.0
Jørgen Strand Larsen,no Norway,FW,Striker,26,2,1,105,2,1,0.8571428571428571
Luis Suárez,co Colombia,FW,Striker,28,5,3,331,9,0,0.0
Petar Sučić,hr Croatia,MFFW,Forward-Midfielder,22,4,3,289,3,2,0.6228373702422145
Pavel Šulc,cz Czechia,FW,Striker,25,3,2,189,2,0,0.0
Kamaldeen Sulemana,gh Ghana,MFFW,Forward-Midfielder,24,2,2,127,1,0,0.0
Crysencio Summerville,nl Netherlands,FW,Striker,24,4,2,253,2,2,0.7114624505928854
Musa Al-Taamari,jo Jordan,FW,Striker,29,3,2,215,8,3,1.255813953488372
Ferran Torres,es Spain,FW,Striker,26,8,1,288,14,4,1.25
Mo Touré,au Australia,FW,Striker,22,3,2,165,4,1,0.5454545454545455
Ayase Ueda,jp Japan,FW,Striker,27,4,4,321,9,4,1.1214953271028036
Deniz Undav,de Germany,FW,Striker,29,4,1,151,6,4,2.3841059602649004
Hélio Varela,cv Cabo Verde,FW,Striker,24,3,0,104,3,1,0.8653846153846154
Federico Viñas,uy Uruguay,FW,Striker,27,3,2,192,6,3,1.40625
Elye Wahi,ci Côte d'Ivoire,FW,Striker,23,3,1,110,3,2,1.6363636363636362
Yoane Wissa,cd Congo DR,FW,Striker,29,4,4,360,11,3,0.75
Lamine Yamal,es Spain,MFFW,Forward-Midfielder,18,8,7,614,27,12,1.7589576547231272
Mostafa Ziko,eg Egypt,FWMF,Forward-Midfielder,29,5,5,370,8,3,0.7297297297297298
